{
  "version": 1,
  "author": "Jahanzaib Arshad",
  "editor": "wokwi",
  "parts": [
    {
      "type": "board-esp32-s3-devkitc-1",
      "id": "esp",
      "top": 134.22,
      "left": 110.17,
      "attrs": { "env": "micropython-20231227-v1.22.0", "flashSize": "8" }
    },
    {
      "type": "wokwi-pushbutton",
      "id": "btn1",
      "top": 236.6,
      "left": 297.6,
      "attrs": { "color": "green", "xray": "1" }
    },
    { "type": "wokwi-dht22", "id": "dht1", "top": -9.3, "left": -5.4, "attrs": {} },
    {
      "type": "board-ssd1306",
      "id": "oled1",
      "top": 454.34,
      "left": -153.37,
      "attrs": { "i2cAddress": "0x3c" }
    }
  ],
  "connections": [
    [ "esp:TX", "$serialMonitor:RX", "", [] ],
    [ "esp:RX", "$serialMonitor:TX", "", [] ],
    [ "btn1:1.l", "esp:0", "green", [ "h0" ] ],
    [ "btn1:2.l", "esp:GND.4", "green", [ "h0" ] ],
    [ "dht1:GND", "esp:GND.1", "black", [ "v0" ] ],
    [ "dht1:SDA", "esp:4", "green", [ "v0" ] ],
    [ "dht1:VCC", "esp:5V", "red", [ "v0" ] ],
    [ "oled1:SDA", "esp:8", "green", [ "v-115.2", "h-67.13", "v-240" ] ],
    [ "oled1:GND", "esp:GND.4", "black", [ "v-172.8", "h240", "v-86.4" ] ],
    [ "oled1:VCC", "esp:5V", "red", [ "v-307.2", "h0.15" ] ],
    [ "esp:9", "oled1:SCL", "green", [ "h-211.25", "v9.6" ] ]
  ],
  "dependencies": {}
}